"订单编号","买家应付货款","买家应付邮费","买家支付积分","总金额","返点积分","买家实际支付金额","买家实际支付积分","订单状态","买家留言","运送方式","订单创建时间","订单付款时间 ","宝贝标题 ","宝贝种类 ","物流单号 ","物流公司","备注标签","商家备注","宝贝总数量","店铺Id","店铺名称","确认收货时间","打款商家金额"
"3950459208035067144","70.00","0.00","0","70.00","0","70.00","0","交易成功","","快递","2024-06-29 19:46:02","2024-06-29 19:46:43","前端网站制作html/jquery/javascript/vue/react/angular代码编程","1","","","","","7","","ztztzt108的小店","2024-06-30 16:36:00","70.00元"
"3949081887731182328","230.00","0.00","0","230.00","0","230.00","0","交易成功","","快递","2024-06-28 10:50:16","2024-06-28 10:50:20","web前端二次开发vueJava项目代编html5网页设计定制js/uniapp代做","1","","","","","23","","ztztzt108的小店","2024-07-04 14:43:18","230.00元"
"2204533274037382991","223.10","0.00","0","223.10","0","223.10","0","交易成功","","快递","2024-06-25 16:49:16","2024-06-25 16:49:23","web前端二次开发vueJava项目代编html5网页设计定制js/uniapp代做","1","","","","","23","","ztztzt108的小店","2024-07-01 23:13:10","223.10元"
"3944593910003952706","220.00","0.00","0","220.00","0","220.00","0","交易成功","","快递","2024-06-24 10:09:54","2024-06-24 10:10:03","web前端二次开发vueJava项目代编html5网页设计定制js/uniapp代做","1","","","","","22","","ztztzt108的小店","2024-06-27 22:24:12","220.00元"
"2196575041468849187","120.00","0.00","0","120.00","0","120.00","0","交易成功","","快递","2024-06-18 11:32:50","2024-06-18 11:32:59","前端网站制作html/jquery/javascript/vue/react/angular代码编程","1","","","","","12","","ztztzt108的小店","2024-06-20 17:45:17","120.00元"
"3931125625090949748","145.50","0.00","0","145.50","0","145.50","0","交易成功","","快递","2024-06-14 17:58:10","2024-06-14 17:58:16","网页vue/react/javascript/angular编程制做nodejs/PHP/JAVA开发","1","","","","","15","","ztztzt108的小店","2024-06-14 22:38:41","145.50元"
"3931240250143949748","145.50","0.00","0","145.50","0","145.50","0","交易成功","","快递","2024-06-14 17:13:42","2024-06-14 17:14:01","网页vue/react/javascript/angular编程制做nodejs/PHP/JAVA开发","1","","","","","15","","ztztzt108的小店","2024-06-14 22:38:41","145.50元"
"2185653435724806276","237.03","0.00","0","237.03","0","237.03","0","交易成功","","快递","2024-06-09 17:54:46","2024-06-09 17:54:55","网页vue/react/javascript/angular编程制做nodejs/PHP/JAVA开发","1","","","","","24","","ztztzt108的小店","2024-06-22 16:30:40","237.03元"
"2185470338187545076","100.00","0.00","0","100.00","0","100.00","0","交易成功","","快递","2024-06-09 09:45:50","2024-06-09 09:46:07","web前端二次开发vueJava项目代编html5网页设计定制js/uniapp代做","1","","","","","10","","ztztzt108的小店","2024-06-20 11:44:46","100.00元"
"2183804688381068787","174.60","0.00","0","174.60","0","174.60","0","交易成功","","快递","2024-06-07 23:33:58","2024-06-07 23:34:05","web前端二次开发vueJava项目代编html5网页设计定制js/uniapp代做","1","","","","","18","","ztztzt108的小店","2024-06-11 17:26:12","174.60元"
"3922699825099396525","174.60","0.00","0","174.60","0","174.60","0","交易成功","","快递","2024-06-07 17:39:19","2024-06-07 17:39:25","网页vue/react/javascript/angular编程制做nodejs/PHP/JAVA开发","1","","","","","18","","ztztzt108的小店","2024-06-10 17:49:52","174.60元"
"2181229503315545076","190.00","0.00","0","190.00","0","190.00","0","交易成功","","快递","2024-06-05 15:07:04","2024-06-05 15:07:10","web前端二次开发vueJava项目代编html5网页设计定制js/uniapp代做","1","","","","","19","","ztztzt108的小店","2024-06-08 12:35:57","190.00元"
"2181230402783806276","174.60","0.00","0","174.60","0","174.60","0","交易成功","","快递","2024-06-05 10:50:14","2024-06-05 10:50:20","网页vue/react/javascript/angular编程制做nodejs/PHP/JAVA开发","1","","","","","18","","ztztzt108的小店","2024-06-07 12:02:04","174.60元"
"2181541909279806276","9.70","0.00","0","9.70","0","9.70","0","交易关闭","","快递","2024-06-05 10:44:42","","网页vue/react/javascript/angular编程制做nodejs/PHP/JAVA开发","1","","","","","1","","ztztzt108的小店","","0.00元"
"2177940686971285188","150.00","0.00","0","150.00","0","150.00","0","交易成功","","快递","2024-06-02 17:06:29","2024-06-02 17:06:33","网页vue/react/javascript/angular编程制做nodejs/PHP/JAVA开发","1","","","","","15","","ztztzt108的小店","2024-06-03 19:32:10","150.00元"
"2177829193580245159","199.30","0.00","0","199.30","0","199.30","0","交易成功","","快递","2024-06-02 11:37:19","2024-06-02 11:37:32","网页vue/react/javascript/angular编程制做nodejs/PHP/JAVA开发","1","","","","","20","","ztztzt108的小店","2024-06-06 16:47:44","199.30元"
"3914222005961649422","194.00","0.00","0","194.00","0","194.00","0","交易成功","","快递","2024-06-01 11:15:22","2024-06-01 11:15:27","web前端二次开发vueJava项目代编html5网页设计定制js/uniapp代做","1","","","","","20","","ztztzt108的小店","2024-06-04 12:11:32","194.00元"
"3913376610878396525","194.00","0.00","0","194.00","0","194.00","0","交易成功","","快递","2024-05-31 21:27:13","2024-05-31 21:27:18","网页vue/react/javascript/angular编程制做nodejs/PHP/JAVA开发","1","","","","","20","","ztztzt108的小店","2024-06-03 23:02:40","194.00元"
"2172774470751220792","200.00","0.00","0","200.00","0","200.00","0","交易成功","","快递","2024-05-29 22:08:09","2024-05-29 22:08:14","网页vue/react/javascript/angular编程制做nodejs/PHP/JAVA开发","1","","","","","20","","ztztzt108的小店","2024-06-03 08:11:18","200.00元"
"2171622072850220792","180.00","0.00","0","180.00","0","180.00","0","交易成功","","快递","2024-05-29 10:24:25","2024-05-29 10:24:33","网页vue/react/javascript/angular编程制做nodejs/PHP/JAVA开发","1","","","","","18","","ztztzt108的小店","2024-06-01 20:48:39","180.00元"
"2171466267066545076","440.00","0.00","0","440.00","0","440.00","0","交易成功","","快递","2024-05-28 23:04:18","2024-05-28 23:04:26","web前端二次开发vueJava项目代编html5网页设计定制js/uniapp代做","1","","","","","44","","ztztzt108的小店","2024-06-03 09:39:59","440.00元"
"2170937606307545076","370.00","0.00","0","370.00","0","370.00","0","交易成功","","快递","2024-05-28 12:39:54","2024-05-28 12:40:01","web前端二次开发vueJava项目代编html5网页设计定制js/uniapp代做","1","","","","","37","","ztztzt108的小店","2024-06-03 09:34:38","370.00元"
"3907569348994675314","177.52","0.00","0","177.52","0","177.52","0","交易成功","","快递","2024-05-27 23:00:48","2024-05-27 23:00:54","web前端二次开发vueJava项目代编html5网页设计定制js/uniapp代做","1","","","","","18","","ztztzt108的小店","2024-06-01 19:41:06","177.52元"
"2169927408891432771","174.60","0.00","0","174.60","0","174.60","0","交易成功","","快递","2024-05-27 23:00:08","2024-05-27 23:00:14","web前端二次开发vueJava项目代编html5网页设计定制js/uniapp代做","1","","","","","18","","ztztzt108的小店","2024-06-01 20:14:22","174.60元"
"2169938712491432771","180.00","0.00","0","180.00","0","180.00","0","交易关闭","","快递","2024-05-27 22:59:28","","web前端二次开发vueJava项目代编html5网页设计定制js/uniapp代做","1","","","","","18","","ztztzt108的小店","","0.00元"
"3907426564399649422","164.90","0.00","0","164.90","0","164.90","0","交易成功","","快递","2024-05-27 21:56:40","2024-05-27 21:56:46","web前端二次开发vueJava项目代编html5网页设计定制js/uniapp代做","1","","","","","17","","ztztzt108的小店","2024-06-01 10:26:43","164.90元"
"3905728923952675314","194.00","0.00","0","194.00","0","194.00","0","交易成功","","快递","2024-05-26 17:10:46","2024-05-26 17:10:52","web前端二次开发vueJava项目代编html5网页设计定制js/uniapp代做","1","","","","","20","","ztztzt108的小店","2024-06-04 21:18:12","194.00元"
"3901437111643649422","715.26","0.00","0","715.26","0","715.26","0","交易成功","","快递","2024-05-23 15:06:12","2024-05-23 15:06:16","web前端二次开发vueJava项目代编html5网页设计定制js/uniapp代做","1","","","","","72","","ztztzt108的小店","2024-05-26 13:58:39","715.26元"
"3900995280353649422","97.00","0.00","0","97.00","0","97.00","0","交易关闭","","快递","2024-05-23 15:05:47","","web前端二次开发vueJava项目代编html5网页设计定制js/uniapp代做","1","","","","","10","","ztztzt108的小店","","0.00元"
"2162264304598019858","180.00","0.00","0","180.00","0","180.00","0","交易成功","","快递","2024-05-22 10:49:04","2024-05-22 10:49:10","web前端二次开发vueJava项目代编html5网页设计定制js/uniapp代做","1","","","","","18","","ztztzt108的小店","2024-05-25 11:11:17","180.00元"
"2158285767144845886","150.00","0.00","0","150.00","0","150.00","0","交易成功","","快递","2024-05-20 11:10:36","2024-05-20 11:10:42","网页vue/react/javascript/angular编程制做nodejs/PHP/JAVA开发","1","","","","","15","","ztztzt108的小店","2024-05-20 23:41:40","150.00元"
"2158172799938895568","149.60","0.00","0","149.60","0","149.60","0","交易成功","","快递","2024-05-20 09:32:34","2024-05-20 09:32:40","网页vue/react/javascript/angular编程制做nodejs/PHP/JAVA开发","1","","","","","15","","ztztzt108的小店","2024-05-30 22:42:47","149.60元"
"2157367620174019858","180.00","0.00","0","180.00","0","180.00","0","交易成功","","快递","2024-05-19 16:24:45","2024-05-19 16:24:50","web前端二次开发vueJava项目代编html5网页设计定制js/uniapp代做","1","","","","","18","","ztztzt108的小店","2024-05-22 10:15:29","180.00元"
"2156593839763845886","800.00","0.00","0","800.00","0","800.00","0","交易成功","","快递","2024-05-18 18:27:35","2024-05-18 18:27:43","网页vue/react/javascript/angular编程制做nodejs/PHP/JAVA开发","1","","","","","80","","ztztzt108的小店","2024-05-20 23:41:40","800.00元"
"3888383727949836223","100.00","0.00","0","100.00","0","100.00","0","交易成功","","快递","2024-05-15 20:00:25","2024-05-15 20:00:27","网页vue/react/javascript/angular编程制做nodejs/PHP/JAVA开发","1","","","","","10","","ztztzt108的小店","2024-05-23 20:12:42","100.00元"
"2151332871114760983","145.50","0.00","0","145.50","0","145.50","0","交易成功","","快递","2024-05-14 10:03:14","2024-05-14 10:03:28","网页vue/react/javascript/angular编程制做nodejs/PHP/JAVA开发","1","","","","","15","","ztztzt108的小店","2024-05-24 10:40:30","145.50元"
"3886662386969836223","200.00","0.00","0","200.00","0","200.00","0","交易成功","","快递","2024-05-13 23:48:00","2024-05-13 23:48:02","网页vue/react/javascript/angular编程制做nodejs/PHP/JAVA开发","1","","","","","20","","ztztzt108的小店","2024-05-15 20:00:12","200.00元"
"2149120776508845886","200.00","0.00","0","200.00","0","200.00","0","交易成功","","快递","2024-05-12 12:12:45","2024-05-12 12:12:51","网页vue/react/javascript/angular编程制做nodejs/PHP/JAVA开发","1","","","","","20","","ztztzt108的小店","2024-05-12 12:50:27","200.00元"
"2148078759353845886","179.30","0.00","0","179.30","0","179.30","0","交易成功","","快递","2024-05-11 09:46:20","2024-05-11 09:46:26","网页vue/react/javascript/angular编程制做nodejs/PHP/JAVA开发","1","","","","","18","","ztztzt108的小店","2024-05-12 00:25:13","179.30元"
"2142978060604388669","50.00","0.00","0","50.00","0","50.00","0","交易成功","","快递","2024-05-07 14:44:52","2024-05-07 14:45:00","web前端二次开发vueJava项目代编html5网页设计定制js/uniapp代做","1","","","","","5","","ztztzt108的小店","2024-05-08 23:21:54","50.00元"
"2143126599787388669","10.00","0.00","0","10.00","0","10.00","0","交易成功","","快递","2024-05-07 14:42:52","2024-05-07 14:43:03","web前端二次开发vueJava项目代编html5网页设计定制js/uniapp代做","1","","","","","1","","ztztzt108的小店","2024-05-08 23:21:54","10.00元"
"2140741668141119662","10.00","0.00","0","10.00","0","0.00","0","交易关闭","","快递","2024-05-05 14:39:32","2024-05-05 14:39:34","网页vue/react/javascript/angular编程制做nodejs/PHP/JAVA开发","1","","","","","1","","ztztzt108的小店","","0.00元"
"3874907343450481616","260.00","0.00","0","260.00","0","260.00","0","交易成功","","快递","2024-05-05 07:01:53","2024-05-05 07:02:03","web前端二次开发vueJava项目代编html5网页设计定制js/uniapp代做","1","","","","","26","","ztztzt108的小店","2024-05-15 15:00:07","260.00元"
"3867849288690699603","300.00","0.00","0","300.00","0","300.00","0","交易成功","","快递","2024-04-29 07:10:02","2024-04-29 07:13:42","web前端二次开发vueJava项目代编html5网页设计定制js/uniapp代做","1","","","","","30","","ztztzt108的小店","2024-05-09 13:46:27","300.00元"
"3863193012597508325","196.84","0.00","0","196.84","0","196.84","0","交易成功","","快递","2024-04-25 15:01:04","2024-04-25 15:01:10","网页vue/react/javascript/angular编程制做nodejs/PHP/JAVA开发","1","","","","","20","","ztztzt108的小店","2024-04-28 05:07:52","196.84元"
"3863440909457508325","97.00","0.00","0","97.00","0","97.00","0","交易成功","","快递","2024-04-25 15:00:50","2024-04-25 15:00:52","网页vue/react/javascript/angular编程制做nodejs/PHP/JAVA开发","1","","","","","10","","ztztzt108的小店","2024-04-28 05:07:52","97.00元"
"3860860716903724203","500.00","0.00","0","500.00","0","500.00","0","交易成功","","快递","2024-04-23 20:37:09","2024-04-23 20:37:23","网页vue/react/javascript/angular编程制做nodejs/PHP/JAVA开发","1","","","","","50","","ztztzt108的小店","2024-05-03 20:44:15","500.00元"
"3861104257527724203","500.00","0.00","0","500.00","0","500.00","0","交易成功","","快递","2024-04-23 20:36:12","2024-04-23 20:36:46","web前端二次开发vueJava项目代编html5网页设计定制js/uniapp代做","1","","","","","50","","ztztzt108的小店","2024-05-03 20:37:12","500.00元"
"3854347815429508325","291.00","0.00","0","291.00","0","291.00","0","交易成功","","快递","2024-04-18 00:01:06","2024-04-18 00:01:55","网页vue/react/javascript/angular编程制做nodejs/PHP/JAVA开发","1","","","","","30","","ztztzt108的小店","2024-04-18 22:26:32","291.00元"
"2116220270640290854","99.60","0.00","0","99.60","0","99.60","0","交易成功","","快递","2024-04-12 11:09:21","2024-04-12 11:10:58","网页vue/react/javascript/angular编程制做nodejs/PHP/JAVA开发","1","","","","","10","","ztztzt108的小店","2024-04-23 11:09:52","99.60元"
"3837521630615664108","388.00","0.00","0","388.00","0","388.00","0","交易成功","","快递","2024-04-04 08:01:14","2024-04-04 08:02:03","前端网站制作html/jquery/javascript/vue/react/angular代码编程","1","","","","","40","","ztztzt108的小店","2024-04-15 22:01:31","388.00元"
"2107398182173527895","50.00","0.00","0","50.00","0","0.00","0","交易关闭","","快递","2024-04-03 13:36:43","2024-04-03 13:36:45","前端网站制作html/jquery/javascript/vue/react/angular代码编程","1","","","","","5","","ztztzt108的小店","","0.00元"
"3821331600113724203","500.00","0.00","0","500.00","0","500.00","0","交易成功","","快递","2024-03-21 20:31:36","2024-03-21 20:31:43","高效设计蓝湖/Figma/AI/UI全套设计网页APP设计全职UI原型图代做","1","","","","","50","","ztztzt108的小店","2024-03-31 20:33:14","500.00元"
"3821638357338724203","500.00","0.00","0","500.00","0","500.00","0","交易成功","","快递","2024-03-21 20:30:50","2024-03-21 20:30:58","网页go语言编程制做Gorm/Gin全栈开发/全职代做/专业定制","1","","","","","50","","ztztzt108的小店","2024-03-31 20:33:14","500.00元"
"2092496522053530081","583.68","0.00","0","583.68","0","583.68","0","交易成功","","快递","2024-03-20 14:15:34","2024-03-20 14:15:41","网页vue/react/javascript/angular编程制做nodejs/PHP/JAVA开发","1","","","","","60","","ztztzt108的小店","2024-03-24 13:59:51","583.68元"
"3818291618808699603","300.00","0.00","0","300.00","0","300.00","0","交易成功","","快递","2024-03-18 23:05:15","2024-03-18 23:05:20","网页vue/react/javascript/angular编程制做nodejs/PHP/JAVA开发","1","","","","","30","","ztztzt108的小店","2024-03-29 14:38:49","300.00元"
"2089382520703083784","741.51","0.00","0","741.51","0","741.51","0","交易成功","","快递","2024-03-18 15:08:19","2024-03-18 15:08:28","网页vue/react/javascript/angular编程制做nodejs/PHP/JAVA开发","1","","","","","75","","ztztzt108的小店","2024-03-26 20:12:47","741.51元"
"2088210795681578979","582.00","0.00","0","582.00","0","582.00","0","交易成功","","快递","2024-03-17 08:15:19","2024-03-17 08:15:30","网页vue/react/javascript/angular编程制做nodejs/PHP/JAVA开发","1","","","","","60","","ztztzt108的小店","2024-03-21 14:31:29","582.00元"
"2087344597702503372","49.71","0.00","0","49.71","0","0.00","0","交易关闭","","快递","2024-03-15 20:08:45","2024-03-15 20:08:47","网页vue/react/javascript/angular编程制做nodejs/PHP/JAVA开发","1","","","","","5","","ztztzt108的小店","","0.00元"
"2085175740339290970","600.00","0.00","0","600.00","0","600.00","0","交易成功","","快递","2024-03-14 13:04:17","2024-03-14 13:04:23","网页vue/react/javascript/angular编程制做nodejs/PHP/JAVA开发","1","","","","","60","","ztztzt108的小店","2024-03-19 17:01:15","600.00元"
"2084700577605068760","693.92","0.00","0","693.92","0","693.92","0","交易成功","","快递","2024-03-13 10:57:10","2024-03-13 10:57:19","网页vue/react/javascript/angular编程制做nodejs/PHP/JAVA开发","1","","","","","70","","ztztzt108的小店","2024-03-16 20:05:56","693.92元"
"2078860657860895568","700.00","0.00","0","700.00","0","700.00","0","交易成功","","快递","2024-03-07 17:37:53","2024-03-07 17:37:59","网页vue/react/javascript/angular编程制做nodejs/PHP/JAVA开发","1","","","","","70","","ztztzt108的小店","2024-03-13 09:33:57","700.00元"
"3799654346732664108","97.00","0.00","0","97.00","0","97.00","0","交易成功","","快递","2024-03-04 09:32:40","2024-03-04 09:32:51","前端网站制作html/jquery/javascript/vue/react/angular代码编程","1","","","","","10","","ztztzt108的小店","2024-03-08 05:53:21","97.00元"
"3799117404798664108","97.00","0.00","0","97.00","0","97.00","0","交易关闭","","快递","2024-03-04 09:31:41","","前端网站制作html/jquery/javascript/vue/react/angular代码编程","1","","","","","10","","ztztzt108的小店","","0.00元"
"2070174399909760983","594.93","0.00","0","594.93","0","594.93","0","交易成功","","快递","2024-02-29 13:21:53","2024-02-29 13:22:00","网页vue/react/javascript/angular编程制做nodejs/PHP/JAVA开发","1","","","","","60","","ztztzt108的小店","2024-03-08 20:22:18","594.93元"
"3783241620637176559","686.91","0.00","0","686.91","0","686.91","0","交易成功","","快递","2024-02-19 17:21:09","2024-02-19 17:21:20","网页vue/react/javascript/angular编程制做nodejs/PHP/JAVA开发","1","","","","","70","","ztztzt108的小店","2024-02-27 18:22:04","686.91元"
"3777094802865724203","500.00","0.00","0","500.00","0","500.00","0","交易成功","","快递","2024-02-14 16:33:03","2024-02-14 16:33:11","网页vue/react/javascript/angular编程制做nodejs/PHP/JAVA开发","1","","","","","50","","ztztzt108的小店","2024-02-24 23:52:13","500.00元"
"3765292202717664108","97.00","0.00","0","97.00","0","97.00","0","交易成功","","快递","2024-02-01 11:35:29","2024-02-01 11:35:43","前端网站制作html/jquery/javascript/vue/react/angular代码编程","1","","","","","10","","ztztzt108的小店","2024-02-02 17:17:35","97.00元"
"3765296594024664108","97.00","0.00","0","97.00","0","97.00","0","交易关闭","","快递","2024-02-01 11:34:22","","前端网站制作html/jquery/javascript/vue/react/angular代码编程","1","","","","","10","","ztztzt108的小店","","0.00元"
"3761487721089724203","500.00","0.00","0","500.00","0","500.00","0","交易成功","","快递","2024-01-30 09:38:53","2024-01-30 09:39:06","网页vue/react/javascript/angular编程制做nodejs/PHP/JAVA开发","1","","","","","50","","ztztzt108的小店","2024-02-09 13:10:06","500.00元"
"3751453333046848566","600.00","0.00","0","600.00","0","600.00","0","交易成功","","快递","2024-01-24 14:53:42","2024-01-24 14:55:35","网页vue/react/javascript/angular编程制做nodejs/PHP/JAVA开发","1","","","","","60","","ztztzt108的小店","2024-02-10 14:26:29","600.00元"
"2044954920319593994","100.00","0.00","0","100.00","0","100.00","0","交易成功","","快递","2024-01-11 14:02:55","2024-01-11 14:03:01","网页vue/react/h5前端/javascript/angular编程站制做nodejs开发","1","","","","","10","","ztztzt108的小店","2024-01-21 14:41:47","100.00元"
"2043806055187465376","48.50","0.00","0","48.50","0","48.50","0","交易成功","","快递","2024-01-08 11:47:08","2024-01-08 11:47:11","前端网站制作html/jquery/javascript/vue/react/angular代码编程","1","","","","","5","","ztztzt108的小店","2024-01-18 13:35:28","48.50元"
"3720199249447836223","700.00","0.00","0","700.00","0","700.00","0","交易成功","","快递","2024-01-05 13:36:20","2024-01-05 13:36:35","网页vue/react/h5前端/javascript/angular编程站制做nodejs开发","1","","","","","70","","ztztzt108的小店","2024-01-16 12:01:46","700.00元"
"3719934759755966315","80.00","0.00","0","80.00","0","80.00","0","交易成功","","快递","2024-01-05 07:30:28","2024-01-05 07:30:30","前端网站制作html/jquery/javascript/vue/react/angular代码编程","1","","","","","8","","ztztzt108的小店","2024-01-05 15:36:18","80.00元"
"2041140398337439870","30.00","0.00","0","30.00","0","30.00","0","交易成功","","快递","2024-01-02 15:19:32","2024-01-02 15:19:36","前端网站制作html/jquery/javascript/vue/react/angular代码编程","1","","","","","3","","ztztzt108的小店","2024-01-12 15:29:34","30.00元"
"3704076792508249039","194.00","0.00","0","194.00","0","194.00","0","交易成功","","快递","2023-12-25 14:54:45","2023-12-25 14:54:55","前端网站制作html/jquery/javascript/vue/react/angular代码编程","1","","","","","20","","ztztzt108的小店","2023-12-26 14:44:18","194.00元"
"3702393288097711179","60.00","0.00","0","60.00","0","60.00","0","交易成功","","快递","2023-12-24 17:02:50","2023-12-24 17:03:06","前端网站制作html/jquery/javascript/vue/react/angular代码编程","1","","","","","6","","ztztzt108的小店","2023-12-25 16:48:14","60.00元"
"3702808910475711179","99.96","0.00","0","99.96","0","99.96","0","交易成功","","快递","2023-12-24 16:32:11","2023-12-24 16:32:17","前端网站制作html/jquery/javascript/vue/react/angular代码编程","1","","","","","10","","ztztzt108的小店","2023-12-25 16:48:14","99.96元"
"3691038133342510123","97.00","0.00","0","97.00","0","97.00","0","交易成功","","快递","2023-12-18 22:55:39","2023-12-18 22:55:43","网页vue/react/h5前端/javascript/angular编程站制做nodejs开发","1","","","","","10","","ztztzt108的小店","2023-12-19 14:25:58","97.00元"
"3691038567119200570","100.00","0.00","0","100.00","0","100.00","0","交易关闭","","快递","2023-12-18 21:31:08","","网页vue/react/h5前端/javascript/angular编程站制做nodejs开发","1","","","","","10","","ztztzt108的小店","","0.00元"
"3690452376997200570","100.00","0.00","0","100.00","0","100.00","0","交易关闭","","快递","2023-12-18 21:29:59","","网页vue/react/h5前端/javascript/angular编程站制做nodejs开发","1","","","","","10","","ztztzt108的小店","","0.00元"
"3690963254057200570","100.00","0.00","0","100.00","0","100.00","0","交易关闭","","快递","2023-12-18 21:28:54","","前端网站制作html/jquery/javascript/vue/react/angular代码编程","1","","","","","10","","ztztzt108的小店","","0.00元"
"3691017579703200570","100.00","0.00","0","100.00","0","100.00","0","交易成功","","快递","2023-12-18 21:26:52","2023-12-18 21:34:59","网页vue/react/h5前端/javascript/angular编程站制做nodejs开发","1","","","","","10","","ztztzt108的小店","2023-12-19 15:54:04","100.00元"
"3688105716181132356","29.10","0.00","0","29.10","0","29.10","0","交易成功","","快递","2023-12-17 19:52:39","2023-12-17 19:52:43","前端网站制作html/jquery/javascript/vue/react/angular代码编程","1","","","","","3","","ztztzt108的小店","2023-12-22 14:54:52","29.10元"
"3685749265736864401","100.00","0.00","0","100.00","0","100.00","0","交易成功","","快递","2023-12-16 13:17:05","2023-12-16 13:22:07","网页vue/react/h5前端/javascript/angular编程站制做nodejs开发","1","","","","","10","","ztztzt108的小店","2023-12-18 10:15:07","100.00元"
"3682058616689095324","77.60","0.00","0","77.60","0","0.00","0","交易关闭","","快递","2023-12-14 16:24:57","2023-12-14 16:25:05","前端网站制作html/jquery/javascript/vue/react/angular代码编程","1","","","","","8","","ztztzt108的小店","","0.00元"
"3680169014278292472","80.00","0.00","0","80.00","0","80.00","0","交易成功","","快递","2023-12-13 11:55:58","2023-12-13 11:56:00","前端网站制作html/jquery/javascript/vue/react/angular代码编程","1","","","","","8","","ztztzt108的小店","2023-12-14 17:04:37","80.00元"
"3680010325626924305","174.60","0.00","0","174.60","0","174.60","0","交易成功","","快递","2023-12-13 11:23:49","2023-12-13 11:23:55","前端网站制作html/jquery/javascript/vue/react/angular代码编程","1","","","","","18","","ztztzt108的小店","2023-12-17 17:57:47","174.60元"
"3676862773095639733","49.46","0.00","0","49.46","0","49.46","0","交易成功","","快递","2023-12-12 10:50:22","2023-12-12 10:50:31","前端网站制作html/jquery/javascript/vue/react/angular代码编程","1","","","","","5","","ztztzt108的小店","2023-12-17 14:08:53","49.46元"
"3675748682817545076","98.34","0.00","0","98.34","0","98.34","0","交易成功","","快递","2023-12-11 20:30:45","2023-12-11 20:30:48","网页vue/react/h5前端/javascript/angular编程站制做nodejs开发","1","","","","","10","","ztztzt108的小店","2023-12-16 20:54:42","98.34元"
"3675627903730432771","99.65","0.00","0","99.65","0","99.65","0","交易成功","","快递","2023-12-11 18:44:42","2023-12-11 18:45:32","网页vue/react/h5前端/javascript/angular编程站制做nodejs开发","1","","","","","10","","ztztzt108的小店","2023-12-16 22:36:15","99.65元"
"3675632763106260558","100.00","0.00","0","100.00","0","100.00","0","交易成功","","快递","2023-12-11 18:41:47","2023-12-11 18:41:50","网页vue/react/h5前端/javascript/angular编程站制做nodejs开发","1","","","","","10","","ztztzt108的小店","2023-12-16 22:47:09","100.00元"
"3675611955998675314","97.00","0.00","0","97.00","0","97.00","0","交易成功","","快递","2023-12-11 18:39:41","2023-12-11 18:39:47","网页vue/react/h5前端/javascript/angular编程站制做nodejs开发","1","","","","","10","","ztztzt108的小店","2023-12-16 22:33:31","97.00元"
"3673568235002566450","30.00","0.00","0","30.00","0","30.00","0","交易关闭","","快递","2023-12-10 20:40:17","","前端网站制作html/jquery/javascript/vue/react/angular代码编程","1","","","","","3","","ztztzt108的小店","","0.00元"
"3672939204400566450","30.00","0.00","0","30.00","0","30.00","0","交易成功","","快递","2023-12-10 20:37:31","2023-12-10 20:40:15","前端网站制作html/jquery/javascript/vue/react/angular代码编程","1","","","","","3","","ztztzt108的小店","2023-12-20 20:58:33","30.00元"
"3663937189112944627","116.40","0.00","0","116.40","0","0.00","0","交易关闭","","快递","2023-12-06 11:08:18","2023-12-06 11:08:22","前端网站制作html/jquery/javascript/vue/react/angular代码编程","1","","","","","12","","ztztzt108的小店","","0.00元"
"3654978627854724203","500.00","0.00","0","500.00","0","500.00","0","交易成功","","快递","2023-12-01 10:20:20","2023-12-01 10:20:57","网页vue/react/h5前端/javascript/angular编程站制做nodejs开发","1","","","","","50","","ztztzt108的小店","2023-12-11 10:23:04","500.00元"
"3648373236996737330","60.00","0.00","0","60.00","0","60.00","0","交易成功","","快递","2023-11-27 11:07:50","2023-11-27 11:07:51","前端网站制作html/jquery/javascript/vue/react/angular代码编程","1","","","","","6","","ztztzt108的小店","2023-12-07 13:49:35","60.00元"
"3635392646234428412","9.70","0.00","0","9.70","0","9.70","0","交易成功","","快递","2023-11-17 23:02:52","2023-11-17 23:02:58","前端网站制作html/jquery/javascript/vue/react/angular代码编程","1","","","","","1","","ztztzt108的小店","2023-11-20 17:38:23","9.70元"
"3634508522555428412","30.00","0.00","0","30.00","0","30.00","0","交易成功","","快递","2023-11-17 12:00:49","2023-11-17 12:24:27","前端网站制作html/jquery/javascript/vue/react/angular代码编程","1","","","","","1","","ztztzt108的小店","2023-11-20 17:38:23","30.00元"
"3633990444873428412","9.70","0.00","0","9.70","0","9.70","0","交易关闭","","快递","2023-11-17 11:59:53","","前端网站制作html/jquery/javascript/vue/react/angular代码编程","1","","","","","1","","ztztzt108的小店","","0.00元"
"2007486619386177673","48.50","0.00","0","48.50","0","48.50","0","交易成功","","快递","2023-10-31 21:36:55","2023-10-31 21:37:06","前端网站制作html/jquery/javascript/vue/react/angular代码编程","1","","","","","5","","ztztzt108的小店","2023-10-31 22:11:13","48.50元"
"2004546074910833396","150.00","0.00","0","150.00","0","150.00","0","交易成功","","快递","2023-10-30 19:43:14","2023-10-30 19:43:20","前端网站制作html/jquery/javascript/vue/react/angular代码编程","1","","","","","15","","ztztzt108的小店","2023-10-31 13:31:31","150.00元"
"2004370537491304491","50.00","0.00","0","50.00","0","50.00","0","交易成功","","快递","2023-10-30 14:42:46","2023-10-30 14:42:48","前端网站制作html/jquery/javascript/vue/react/angular代码编程","1","","","","","5","","ztztzt108的小店","2023-10-31 07:27:01","50.00元"
"3576242918289114122","100.00","0.00","0","100.00","0","100.00","0","交易成功","","快递","2023-10-22 11:51:07","2023-10-22 11:51:41","前端网站制作html/jquery/javascript/vue/react/angular代码编程","1","","","","","10","","ztztzt108的小店","2023-10-22 16:43:46","100.00元"
"3576241406181114122","10.00","0.00","0","10.00","0","10.00","0","交易关闭","","快递","2023-10-22 11:49:25","","前端网站制作html/jquery/javascript/vue/react/angular代码编程","1","","","","","1","","ztztzt108的小店","","0.00元"
"3569094543723162400","232.80","0.00","0","232.80","0","232.80","0","交易成功","","快递","2023-10-17 15:18:53","2023-10-17 15:19:05","前端网站制作html/jquery/javascript/vue/react/angular代码编程","1","","","","","24","","ztztzt108的小店","2023-10-27 18:01:32","232.80元"
"1990697271390838978","396.86","0.00","0","396.86","0","396.86","0","交易关闭","","快递","2023-10-13 21:51:34","","网页vue/react/h5前端/javascript/angular编程站制做nodejs开发","1","","","","","40","","ztztzt108的小店","","0.00元"
"3561148296451642059","348.48","0.00","0","348.48","0","348.48","0","交易成功","","快递","2023-10-12 14:06:07","2023-10-12 14:07:03","网页vue/react/h5前端/javascript/angular编程站制做nodejs开发","1","","","","","35","","ztztzt108的小店","2023-10-20 15:54:27","348.48元"
"1989461425060848566","400.00","0.00","0","400.00","0","400.00","0","交易成功","","快递","2023-10-11 15:49:16","2023-10-11 15:49:26","网页vue/react/h5前端/javascript/angular编程站制做nodejs开发","1","","","","","40","","ztztzt108的小店","2023-10-18 12:14:46","400.00元"
"3558111120427278917","298.42","0.00","0","298.42","0","298.42","0","交易成功","","快递","2023-10-10 15:03:53","2023-10-10 15:03:57","网页vue/react/h5前端/javascript/angular编程站制做nodejs开发","1","","","","","30","","ztztzt108的小店","2023-10-17 09:56:40","298.42元"
"3558492543639836223","299.00","0.00","0","299.00","0","299.00","0","交易成功","","快递","2023-10-10 12:22:02","2023-10-10 12:22:04","网页vue/react/h5前端/javascript/angular编程站制做nodejs开发","1","","","","","30","","ztztzt108的小店","2023-10-16 10:54:39","299.00元"
"3558405782861836223","291.00","0.00","0","291.00","0","291.00","0","交易成功","","快递","2023-10-10 12:01:24","2023-10-10 12:01:28","网页vue/react/h5前端/javascript/angular编程站制做nodejs开发","1","","","","","30","","ztztzt108的小店","2023-10-16 10:54:39","291.00元"
"1987532474841959292","58.20","0.00","0","58.20","0","58.20","0","交易成功","","快递","2023-10-08 20:08:08","2023-10-08 20:08:10","前端网站制作html/jquery/javascript/vue/react/angular代码编程","1","","","","","6","","ztztzt108的小店","2023-10-09 22:05:55","58.20元"
"1986907227447924969","300.00","0.00","0","300.00","0","300.00","0","交易成功","","快递","2023-10-08 09:40:46","2023-10-08 09:41:00","前端网站制作html/jquery/javascript/vue/react/angular代码编程","1","","","","","30","","ztztzt108的小店","2023-10-18 15:43:41","300.00元"
"1984131733087924969","293.12","0.00","0","293.12","0","293.12","0","交易成功","","快递","2023-10-03 13:01:58","2023-10-03 13:02:05","网页vue/react/h5前端/javascript/angular编程站制做nodejs开发","1","","","","","30","","ztztzt108的小店","2023-10-05 14:08:44","293.12元"
"3545015439583862950","299.64","0.00","0","299.64","0","299.64","0","交易成功","","快递","2023-09-30 17:13:40","2023-09-30 17:13:54","前端网站制作html/jquery/javascript/vue/react/angular代码编程","1","","","","","30","","ztztzt108的小店","2023-10-03 17:34:52","299.64元"
"1982324281329217466","299.90","0.00","0","299.90","0","299.90","0","交易成功","","快递","2023-09-29 21:58:35","2023-09-29 21:58:39","网页vue/react/h5前端/javascript/angular编程站制做nodejs开发","1","","","","","30","","ztztzt108的小店","2023-10-03 20:34:41","299.90元"
"1981924719073827594","300.00","0.00","0","300.00","0","300.00","0","交易成功","","快递","2023-09-29 15:49:23","2023-09-29 15:49:28","前端网站制作html/jquery/javascript/vue/react/angular代码编程","1","","","","","30","","ztztzt108的小店","2023-10-02 14:33:21","300.00元"
"3519039531454401161","500.00","0.00","0","500.00","0","500.00","0","交易成功","","快递","2023-09-12 17:46:34","2023-09-12 17:48:40","前端网站制作html/jquery/javascript/vue/react/angular代码编程","1","","","","","50","","ztztzt108的小店","2023-09-13 12:26:07","500.00元"
"3518309484969724203","500.00","0.00","0","500.00","0","500.00","0","交易成功","","快递","2023-09-12 17:43:52","2023-09-12 17:44:14","网页vue/react/h5前端/javascript/angular编程站制做nodejs开发","1","","","","","50","","ztztzt108的小店","2023-09-13 12:24:56","500.00元"
"3467239239242556450","145.50","0.00","0","145.50","0","145.50","0","交易成功","","快递","2023-08-08 08:56:06","2023-08-08 08:56:22","前端网站制作html/jquery/javascript/vue/react/angular代码编程","1","","","","","15","","ztztzt108的小店","2023-08-18 17:04:22","145.50元"
"1945499197664288388","155.20","0.00","0","155.20","0","155.20","0","交易成功","","快递","2023-08-04 14:19:12","2023-08-04 14:19:33","前端网站制作html/jquery/javascript/vue/react/angular代码编程","1","","","","","16","","ztztzt108的小店","2023-08-15 09:56:14","155.20元"
"3441547944680829510","9.70","0.00","0","9.70","0","9.70","0","交易成功","","快递","2023-07-19 18:57:51","2023-07-19 18:57:58","前端网站制作html/jquery/javascript/vue/react/angular代码编程","1","","","","","1","","ztztzt108的小店","2023-07-29 19:28:13","9.70元"
"3431152477404081259","150.00","0.00","0","150.00","0","150.00","0","交易成功","","快递","2023-07-11 15:28:35","2023-07-11 15:28:41","前端网站制作html/jquery/javascript/vue/react/angular代码编程","1","","","","","15","","ztztzt108的小店","2023-07-13 13:48:03","150.00元"
"3431189847363389755","120.00","0.00","0","120.00","0","120.00","0","交易成功","","快递","2023-07-11 14:05:09","2023-07-11 14:05:15","前端网站制作html/jquery/javascript/vue/react/angular代码编程","1","","","","","12","","ztztzt108的小店","2023-07-12 09:35:23","120.00元"
"3420427248381650501","339.50","0.00","0","339.50","0","339.50","0","交易成功","","快递","2023-07-03 21:24:52","2023-07-03 21:24:58","网页vue/react/h5前端/javascript/angular编程站制做nodejs开发","1","","","","","35","","ztztzt108的小店","2023-07-05 15:57:53","339.50元"
"1924670030633733782","199.62","0.00","0","199.62","0","199.62","0","交易成功","","快递","2023-06-30 09:19:33","2023-06-30 09:19:40","前端网站制作html/jquery/javascript/vue/react/angular代码编程","1","","","","","20","","ztztzt108的小店","2023-06-30 15:41:47","199.62元"
"1922739672708318267","60.00","0.00","0","60.00","0","60.00","0","交易成功","","快递","2023-06-27 22:50:05","2023-06-27 22:50:33","前端网站制作html/jquery/javascript/vue/react/angular代码编程","1","","","","","6","","ztztzt108的小店","2023-07-08 00:22:34","60.00元"
"3412420742895471714","97.00","0.00","0","97.00","0","97.00","0","交易成功","","快递","2023-06-27 07:42:23","2023-06-27 07:42:25","网页vue/react/h5前端/javascript/angular编程站制做nodejs开发","1","","","","","10","","ztztzt108的小店","2023-06-27 12:06:36","97.00元"
"3411186373428471714","48.50","0.00","0","48.50","0","48.50","0","交易成功","","快递","2023-06-26 11:17:04","2023-06-26 11:17:05","网页vue/react/h5前端/javascript/angular编程站制做nodejs开发","1","","","","","5","","ztztzt108的小店","2023-06-26 22:53:00","48.50元"
"3410195186577471714","97.00","0.00","0","97.00","0","97.00","0","交易成功","","快递","2023-06-25 10:46:57","2023-06-25 10:46:58","网页vue/react/h5前端/javascript/angular编程站制做nodejs开发","1","","","","","10","","ztztzt108的小店","2023-06-26 22:52:53","97.00元"
"3408930504079136125","60.00","0.00","0","60.00","0","60.00","0","交易成功","","快递","2023-06-24 20:52:18","2023-06-24 20:52:21","前端网站制作html/jquery/javascript/vue/react/angular代码编程","1","","","","","6","","ztztzt108的小店","2023-06-25 11:06:31","60.00元"
"3408970574048008225","20.00","0.00","0","20.00","0","20.00","0","交易成功","","快递","2023-06-24 10:14:45","2023-06-24 10:14:47","前端网站制作html/jquery/javascript/vue/react/angular代码编程","1","","","","","2","","ztztzt108的小店","2023-06-24 10:40:33","20.00元"
"3407149371299471714","242.50","0.00","0","242.50","0","242.50","0","交易成功","","快递","2023-06-22 17:26:09","2023-06-22 17:43:42","网页vue/react/h5前端/javascript/angular编程站制做nodejs开发","1","","","","","25","","ztztzt108的小店","2023-06-24 20:48:17","242.50元"
"3406361294487832746","150.00","0.00","0","150.00","0","150.00","0","交易成功","","快递","2023-06-21 21:26:45","2023-06-21 21:26:50","网页vue/react/h5前端/javascript/angular编程站制做nodejs开发","1","","","","","15","","ztztzt108的小店","2023-06-21 21:43:44","150.00元"
"3405170628902584217","300.00","0.00","0","300.00","0","300.00","0","交易成功","","快递","2023-06-21 16:17:38","2023-06-21 16:17:45","前端网站制作html/jquery/javascript/vue/react/angular代码编程","1","","","","","30","","ztztzt108的小店","2023-06-23 12:38:33","300.00元"
"3405975266541831246","220.00","0.00","0","220.00","0","220.00","0","交易成功","","虚拟物品","2023-06-21 15:31:07","2023-06-22 14:20:25","Haier/海尔","1","","","","","1","","ztztzt108的小店","2023-06-22 14:20:25","220.00元"
"1919344656356511594","232.80","0.00","0","232.80","0","232.80","0","交易成功","","快递","2023-06-21 12:01:42","2023-06-21 12:04:55","前端网站制作html/jquery/javascript/vue/react/angular代码编程","1","","","","","24","","ztztzt108的小店","2023-06-23 13:31:02","232.80元"
"3404149669392928339","80.00","0.00","0","80.00","0","80.00","0","交易成功","","快递","2023-06-20 16:01:41","2023-06-20 16:01:45","前端网站制作html/jquery/javascript/vue/react/angular代码编程","1","","","","","8","","ztztzt108的小店","2023-06-20 17:43:40","80.00元"
"3404371359792928339","100.00","0.00","0","100.00","0","100.00","0","交易成功","","快递","2023-06-20 15:45:30","2023-06-20 15:45:35","前端网站制作html/jquery/javascript/vue/react/angular代码编程","1","","","","","10","","ztztzt108的小店","2023-06-20 17:43:40","100.00元"
"3398482764288920434","203.70","0.00","0","203.70","0","203.70","0","交易成功","","快递","2023-06-17 17:37:19","2023-06-17 17:37:28","前端网站制作html/jquery/javascript/vue/react/angular代码编程","1","","","","","21","","ztztzt108的小店","2023-06-29 16:41:55","203.70元"
"1915730654491336895","200.00","0.00","0","200.00","0","200.00","0","交易成功","","快递","2023-06-17 10:09:36","2023-06-17 10:09:44","前端网站制作html/jquery/javascript/vue/react/angular代码编程","1","","","","","20","","ztztzt108的小店","2023-06-17 21:26:31","200.00元"
"1912459476837832278","349.20","0.00","0","349.20","0","349.20","0","交易成功","","快递","2023-06-15 12:13:54","2023-06-15 12:14:09","网页vue/react/h5前端/javascript/angular编程站制做nodejs开发","1","","","","","36","","ztztzt108的小店","2023-06-16 10:46:48","349.20元"
"1912166184004411275","29.10","0.00","0","29.10","0","29.10","0","交易成功","","快递","2023-06-14 20:02:51","2023-06-14 20:02:57","网页vue/react/h5前端/javascript/angular编程站制做nodejs开发","1","","","","","3","","ztztzt108的小店","2023-06-16 09:58:04","29.10元"
"1912819226401411275","29.10","0.00","0","29.10","0","29.10","0","交易成功","","快递","2023-06-14 18:21:39","2023-06-14 18:22:08","网页vue/react/h5前端/javascript/angular编程站制做nodejs开发","1","","","","","3","","ztztzt108的小店","2023-06-14 18:45:21","29.10元"
"3392588988245177405","29.10","0.00","0","29.10","0","29.10","0","交易成功","","快递","2023-06-14 16:46:50","2023-06-14 16:47:25","网页vue/react/h5前端/javascript/angular编程站制做nodejs开发","1","","","","","3","","ztztzt108的小店","2023-06-14 17:06:25","29.10元"
"1912094294578867478","80.00","0.00","0","80.00","0","80.00","0","交易成功","","快递","2023-06-13 14:06:49","2023-06-13 14:06:51","网页vue/react/h5前端/javascript编程前端网站制做nodejs开发","1","","","","","8","","ztztzt108的小店","2023-06-23 14:39:22","80.00元"
"3390358536674246719","10.00","0.00","0","10.00","0","10.00","0","交易关闭","","快递","2023-06-12 21:50:07","","网页vue/react/h5前端/javascript编程前端网站制做nodejs开发","1","","","","","1","","ztztzt108的小店","","0.00元"
"3390913297529246719","50.00","0.00","0","50.00","0","0.00","0","交易关闭","","快递","2023-06-12 21:48:50","2023-06-12 21:50:38","网页vue/react/h5前端/javascript编程前端网站制做nodejs开发","1","","","","","5","","ztztzt108的小店","","0.00元"
"3391210767627246719","10.00","0.00","0","10.00","0","0.00","0","交易关闭","","快递","2023-06-12 21:48:09","2023-06-12 21:48:17","网页vue/react/h5前端/javascript编程前端网站制做nodejs开发","1","","","","","1","","ztztzt108的小店","","0.00元"
"3389665104419925026","145.50","0.00","0","145.50","0","145.50","0","交易成功","","快递","2023-06-12 13:23:32","2023-06-12 13:23:40","网页vue/react/h5前端/javascript编程前端网站制做nodejs开发","1","","","","","15","","ztztzt108的小店","2023-06-22 14:38:34","145.50元"
"1909402608987154189","80.00","0.00","0","80.00","0","80.00","0","交易成功","","快递","2023-06-10 09:51:48","2023-06-10 09:51:50","前端网站制做html/jquery/javascript/vue/react/编程代码辅学","1","","","","","8","","ztztzt108的小店","2023-06-10 14:23:29","80.00元"
"3385065456054672465","60.00","0.00","0","60.00","0","60.00","0","交易成功","","快递","2023-06-09 09:08:06","2023-06-09 09:08:13","前端网站制做html/jquery/javascript/vue/react/编程代码辅学","1","","","","","6","","ztztzt108的小店","2023-06-19 21:27:24","60.00元"
"3384633277129925026","97.00","0.00","0","97.00","0","97.00","0","交易成功","","快递","2023-06-08 13:49:20","2023-06-08 13:49:28","网页vue/react/h5前端/javascript编程前端网站制做nodejs开发","1","","","","","10","","ztztzt108的小店","2023-06-18 14:23:25","97.00元"
"3384683679573396525","100.00","0.00","0","100.00","0","100.00","0","交易成功","","快递","2023-06-08 10:57:05","2023-06-08 10:57:50","前端网站制做html/jquery/javascript/vue/react/编程代码辅学","1","","","","","10","","ztztzt108的小店","2023-06-08 23:34:25","100.00元"
"1908567986845188694","50.00","0.00","0","50.00","0","50.00","0","交易成功","","快递","2023-06-07 23:38:34","2023-06-07 23:38:45","前端网站制做html/jquery/javascript/vue/react/编程代码辅学","1","","","","","5","","ztztzt108的小店","2023-06-18 00:26:11","50.00元"
"3383230827264095226","120.00","0.00","0","120.00","0","120.00","0","交易成功","","快递","2023-06-07 09:13:48","2023-06-07 09:16:07","前端网站制做html/jquery/javascript/vue/react/编程代码辅学","1","","","","","12","","ztztzt108的小店","2023-06-07 13:40:40","120.00元"
"1906986399631728487","20.00","0.00","0","20.00","0","20.00","0","交易成功","","快递","2023-06-05 15:43:14","2023-06-05 15:43:17","前端网站制做html/jquery/javascript/vue/react/编程代码辅学","1","","","","","2","","ztztzt108的小店","2023-06-05 17:07:30","20.00元"
"1906948671970728487","80.00","0.00","0","80.00","0","80.00","0","交易成功","","快递","2023-06-05 14:46:31","2023-06-05 14:50:57","前端网站制做html/jquery/javascript/vue/react/编程代码辅学","1","","","","","8","","ztztzt108的小店","2023-06-05 15:27:44","80.00元"
"3380453967108252751","30.00","0.00","0","30.00","0","30.00","0","交易成功","","快递","2023-06-05 10:07:56","2023-06-05 10:07:58","前端网站制做html/jquery/javascript/vue/react/编程代码辅学","1","","","","","3","","ztztzt108的小店","2023-06-15 10:22:56","30.00元"
"3375573554620920434","194.00","0.00","0","194.00","0","194.00","0","交易成功","","快递","2023-06-02 08:39:14","2023-06-02 08:39:20","前端网站制做html/jquery/javascript/vue/react/编程代码辅学","1","","","","","20","","ztztzt108的小店","2023-06-03 21:47:08","194.00元"
"3374460111615790844","116.40","0.00","0","116.40","0","116.40","0","交易成功","","快递","2023-06-01 14:39:11","2023-06-01 14:39:19","前端网站制做html/jquery/javascript/vue/react/编程代码辅学","1","","","","","12","","ztztzt108的小店","2023-06-11 15:46:43","116.40元"
"3370956086760342738","58.20","0.00","0","58.20","0","0.00","0","交易关闭","","快递","2023-05-31 08:55:39","2023-05-31 08:55:51","网页vue/react/h5前端/javascript编程前端网站制做nodejs开发","1","","","","","6","","ztztzt108的小店","","0.00元"
"3365538480448451314","125.00","0.00","0","125.00","0","125.00","0","交易成功","","快递","2023-05-27 20:36:52","2023-05-27 20:37:41","前端网站制做html/jquery/javascript/vue/react/编程代码辅学","1","","","","","12","","ztztzt108的小店","2023-06-03 15:22:20","125.00元"
"3365538300517451314","9.70","0.00","0","9.70","0","9.70","0","交易关闭","","快递","2023-05-27 20:35:43","","前端网站制做html/jquery/javascript/vue/react/编程代码辅学","1","","","","","1","","ztztzt108的小店","","0.00元"
"3359547363395533904","200.00","0.00","0","200.00","0","200.00","0","交易成功","","快递","2023-05-23 10:02:34","2023-05-23 10:02:40","前端网站制做html/jquery/javascript/vue/react/编程代码辅学","1","","","","","20","","ztztzt108的小店","2023-05-30 14:31:01","200.00元"
"3358569132360533904","200.00","0.00","0","200.00","0","200.00","0","交易成功","","快递","2023-05-23 09:01:39","2023-05-23 09:02:27","前端网站制做html/jquery/javascript/vue/react/编程代码辅学","1","","","","","20","","ztztzt108的小店","2023-05-30 14:31:01","200.00元"
"1893289190872786964","200.00","0.00","0","200.00","0","200.00","0","交易成功","","快递","2023-05-22 16:45:47","2023-05-22 16:45:54","前端网站制做html/jquery/javascript/vue/react/编程代码辅学","1","","","","","20","","ztztzt108的小店","2023-05-28 17:01:05","200.00元"
"1891263684514449396","10.00","0.00","0","10.00","0","10.00","0","交易关闭","","快递","2023-05-20 16:10:09","","前端网站制做html/jquery/javascript/vue/react/编程代码辅学","1","","","","","1","","ztztzt108的小店","","0.00元"
"3354567264918373045","38.80","0.00","0","38.80","0","0.00","0","交易关闭","","快递","2023-05-20 11:45:40","2023-05-20 11:45:43","前端网站制做html/jquery/javascript/vue/react/编程代码辅学","1","","","","","4","","ztztzt108的小店","","0.00元"
"3355428206497373045","9.70","0.00","0","9.70","0","0.00","0","交易关闭","","快递","2023-05-20 11:35:34","2023-05-20 11:35:38","前端网站制做html/jquery/javascript/vue/react/编程代码辅学","1","","","","","1","","ztztzt108的小店","","0.00元"
"1889185009575901768","77.60","0.00","0","77.60","0","77.60","0","交易成功","","快递","2023-05-17 00:00:38","2023-05-17 00:00:42","网页vue/react/h5前端/javascript编程前端网站制做nodejs开发","1","","","","","8","","ztztzt108的小店","2023-05-27 21:46:53","77.60元"
"1888849633490670291","145.50","0.00","0","145.50","0","145.50","0","交易成功","","快递","2023-05-16 18:21:53","2023-05-16 18:22:39","网页vue/react/h5前端/javascript编程前端网站制做nodejs开发","1","","","","","15","","ztztzt108的小店","2023-05-17 14:59:21","145.50元"
"3347476776935401161","500.00","0.00","0","500.00","0","500.00","0","交易成功","","快递","2023-05-15 20:20:00","2023-05-15 20:20:18","网页vue/react/h5前端/javascript编程前端网站制做nodejs开发","1","","","","","50","","ztztzt108的小店","2023-05-27 11:03:44","500.00元"
"3340818541595781566","97.00","0.00","0","97.00","0","97.00","0","交易成功","","快递","2023-05-10 12:24:44","2023-05-10 12:25:22","前端网站制做html/jquery/javascript/vue/react/编程代码辅学","1","","","","","10","","ztztzt108的小店","2023-05-10 13:33:14","97.00元"
"3338949135127168462","80.00","0.00","0","80.00","0","80.00","0","交易成功","","快递","2023-05-08 20:51:44","2023-05-08 20:51:45","前端网站制做html/jquery/javascript/vue/react/编程代码辅学","1","","","","","8","","ztztzt108的小店","2023-05-09 12:37:35","80.00元"
"3338479191589263200","200.00","0.00","0","200.00","0","200.00","0","交易成功","","快递","2023-05-08 14:56:19","2023-05-08 14:57:49","前端网站制做html/jquery/javascript/vue/react/编程代码辅学","1","","","","","20","","ztztzt108的小店","2023-05-08 21:50:59","200.00元"
"3334326627537121104","97.00","0.00","0","97.00","0","97.00","0","交易成功","","快递","2023-05-05 14:37:26","2023-05-05 14:38:01","前端网站制做html/jquery/javascript/vue/react/编程代码辅学","1","","","","","10","","ztztzt108的小店","2023-05-15 15:10:36","97.00元"
"1878926847302326078","50.00","0.00","0","50.00","0","50.00","0","交易成功","","快递","2023-04-30 10:21:38","2023-04-30 10:22:00","网页vue/react/h5前端/javascript编程前端网站制做nodejs开发","1","","","","","5","","ztztzt108的小店","2023-04-30 10:42:35","50.00元"
"1876917795961326078","1100.00","0.00","0","1100.00","0","1100.00","0","交易成功","","快递","2023-04-26 17:32:27","2023-04-26 17:32:57","网页vue/react/h5前端/javascript编程前端网站制做nodejs开发","1","","","","","110","","ztztzt108的小店","2023-04-28 13:42:19","1100.00元"
"3320655590103508817","100.00","0.00","0","100.00","0","100.00","0","交易成功","","快递","2023-04-25 08:53:19","2023-04-25 08:53:23","前端网站制做html/jquery/javascript/vue/react/编程代码辅学","1","","","","","10","","ztztzt108的小店","2023-04-25 15:45:19","100.00元"
"3319450633741389661","200.00","0.00","0","200.00","0","200.00","0","交易成功","","快递","2023-04-24 16:57:17","2023-04-24 16:57:22","网页vue/react/h5前端/javascript编程前端网站制做nodejs开发","1","","","","","20","","ztztzt108的小店","2023-05-04 17:47:23","200.00元"
"1873645899954035293","160.00","0.00","0","160.00","0","160.00","0","交易成功","","快递","2023-04-21 23:48:52","2023-04-21 23:48:56","前端网站制做html/jquery/javascript/vue/react/编程代码辅学","1","","","","","16","","ztztzt108的小店","2023-05-02 00:10:05","160.00元"
"3314889504878257535","200.00","0.00","0","200.00","0","0.00","0","交易关闭","","快递","2023-04-21 17:19:38","2023-04-21 17:19:42","网页vue/react/h5前端/javascript编程前端网站制做nodejs开发","1","","","","","20","","ztztzt108的小店","","0.00元"
"3314978497399037363","30.00","0.00","0","30.00","0","30.00","0","交易成功","","快递","2023-04-21 10:11:24","2023-04-21 10:11:27","前端网站制做html/jquery/javascript/vue/react/编程代码辅学","1","","","","","3","","ztztzt108的小店","2023-04-22 04:57:47","30.00元"
"1872047427640685979","100.00","0.00","0","100.00","0","100.00","0","交易成功","","快递","2023-04-19 14:26:32","2023-04-19 14:26:40","前端网站制做html/jquery/javascript/vue/react/编程代码辅学","1","","","","","10","","ztztzt108的小店","2023-04-19 14:55:30","100.00元"
"1871893131092685979","100.00","0.00","0","100.00","0","100.00","0","交易成功","","快递","2023-04-19 10:45:19","2023-04-19 10:45:27","前端网站制做html/jquery/javascript/vue/react/编程代码辅学","1","","","","","10","","ztztzt108的小店","2023-04-29 14:55:03","100.00元"
"1869834723416999679","60.00","0.00","0","60.00","0","60.00","0","交易成功","","快递","2023-04-16 11:13:39","2023-04-16 11:13:41","前端网站制做html/jquery/javascript/vue/react/编程代码辅学","1","","","","","6","","ztztzt108的小店","2023-04-26 11:31:04","60.00元"
"1869663721954559083","792.06","0.00","0","792.06","0","792.06","0","交易成功","","快递","2023-04-16 00:05:30","2023-04-16 00:06:19","网页vue/react/h5前端/javascript编程前端网站制做nodejs开发","1","","","","","80","","ztztzt108的小店","2023-04-18 08:58:25","792.06元"
"1869662931913559083","9.70","0.00","0","9.70","0","0.00","0","交易关闭","","快递","2023-04-16 00:02:16","2023-04-16 00:02:18","网页vue/react/h5前端/javascript编程前端网站制做nodejs开发","1","","","","","1","","ztztzt108的小店","","0.00元"
"1869465541119260769","126.10","0.00","0","126.10","0","126.10","0","交易成功","","快递","2023-04-15 18:23:33","2023-04-15 18:23:45","网页vue/react/h5前端/javascript编程前端网站制做nodejs开发","1","","","","","13","","ztztzt108的小店","2023-04-16 10:17:39","126.10元"
"3306254151153503143","30.00","0.00","0","30.00","0","30.00","0","交易成功","","快递","2023-04-15 08:37:44","2023-04-15 08:37:45","前端网站制做html/jquery/javascript/vue/react/编程代码辅学","1","","","","","3","","ztztzt108的小店","2023-04-25 08:54:26","30.00元"
"3304851483626503143","30.00","0.00","0","30.00","0","30.00","0","交易成功","","快递","2023-04-14 09:00:27","2023-04-14 09:00:29","前端网站制做html/jquery/javascript/vue/react/编程代码辅学","1","","","","","3","","ztztzt108的小店","2023-04-24 09:19:15","30.00元"
"3296443609715389661","79.98","0.00","0","79.98","0","79.98","0","交易成功","","快递","2023-04-08 11:49:24","2023-04-08 11:49:31","前端网站制做html/jquery/javascript/vue/react/编程代码辅学","1","","","","","8","","ztztzt108的小店","2023-04-08 16:00:58","79.98元"
"3285715681805826309","20.00","0.00","0","20.00","0","20.00","0","交易成功","","快递","2023-03-31 15:21:43","2023-03-31 15:21:46","前端网站制做html/jquery/javascript/vue/react/编程代码辅学","1","","","","","2","","ztztzt108的小店","2023-04-04 01:18:13","20.00元"
"1860003302135901768","97.00","0.00","0","97.00","0","97.00","0","交易成功","","快递","2023-03-30 20:54:12","2023-03-30 20:54:17","网页vue/react/h5前端/javascript编程前端网站制做nodejs开发","1","","","","","10","","ztztzt108的小店","2023-04-02 21:37:33","97.00元"
"1859432487598698582","80.00","0.00","0","80.00","0","80.00","0","交易成功","","快递","2023-03-29 22:14:38","2023-03-29 22:14:45","前端网站制做html/jquery/javascript/vue/react/编程代码辅学","1","","","","","8","","ztztzt108的小店","2023-03-29 23:06:43","80.00元"
"3281122262993434755","58.20","0.00","0","58.20","0","58.20","0","交易成功","","快递","2023-03-28 00:02:20","2023-03-28 00:02:22","网页vue/react/h5前端/javascript编程前端网站制做nodejs开发","1","","","","","6","","ztztzt108的小店","2023-04-07 16:19:52","58.20元"
"1855468167906450786","30.00","0.00","0","30.00","0","30.00","0","交易成功","","快递","2023-03-24 19:56:48","2023-03-24 19:56:51","前端网站制做html/jquery/javascript/vue/react/编程代码辅学","1","","","","","3","","ztztzt108的小店","2023-03-24 20:36:10","30.00元"
"1855441419390450786","60.00","0.00","0","60.00","0","60.00","0","交易成功","","快递","2023-03-24 19:24:34","2023-03-24 19:24:37","前端网站制做html/jquery/javascript/vue/react/编程代码辅学","1","","","","","6","","ztztzt108的小店","2023-03-24 20:36:32","60.00元"
"3275402655018843020","150.00","0.00","0","150.00","0","150.00","0","交易成功","","快递","2023-03-23 17:01:07","2023-03-23 17:01:08","前端网站制做html/jquery/javascript/vue/react/编程代码辅学","1","","","","","15","","ztztzt108的小店","2023-03-24 17:57:08","150.00元"
"1853358600316959178","60.00","0.00","0","60.00","0","60.00","0","交易成功","","快递","2023-03-23 11:24:49","2023-03-23 11:24:53","网页vue/react/h5前端/javascript编程前端网站制做nodejs开发","1","","","","","6","","ztztzt108的小店","2023-03-23 11:43:35","60.00元"
"3273485724784028712","60.00","0.00","0","60.00","0","60.00","0","交易成功","","快递","2023-03-23 08:40:36","2023-03-23 08:40:41","前端网站制做html/jquery/javascript/vue/react/编程代码辅学","1","","","","","6","","ztztzt108的小店","2023-03-23 10:32:35","60.00元"
"1853494539098136670","50.00","0.00","0","50.00","0","50.00","0","交易成功","","快递","2023-03-22 16:54:34","2023-03-22 16:54:37","前端网站制做html/jquery/javascript/vue/react/编程代码辅学","1","","","","","5","","ztztzt108的小店","2023-03-23 16:22:52","50.00元"
"1848034740201096998","20.00","0.00","0","20.00","0","20.00","0","交易成功","","快递","2023-03-17 14:14:41","2023-03-17 14:14:46","前端网站制做html/jquery/javascript/vue/react/编程代码辅学","1","","","","","2","","ztztzt108的小店","2023-03-27 14:47:34","20.00元"
"1848025092239096998","10.00","0.00","0","10.00","0","10.00","0","交易成功","","快递","2023-03-17 14:02:43","2023-03-17 14:02:50","前端网站制做html/jquery/javascript/vue/react/编程代码辅学","1","","","","","1","","ztztzt108的小店","2023-03-27 14:47:33","10.00元"
"3257894268318274412","20.00","0.00","0","20.00","0","20.00","0","交易成功","","快递","2023-03-14 22:15:20","2023-03-14 22:15:30","网页vue/react/h5前端/javascript编程前端网站制做nodejs开发","1","","","","","2","","ztztzt108的小店","2023-03-14 23:50:08","20.00元"
"3257351030635838137","200.00","0.00","0","200.00","0","200.00","0","交易成功","","快递","2023-03-14 10:28:13","2023-03-14 10:28:22","网页vue/react/h5前端/javascript编程前端网站制做nodejs开发","1","","","","","20","","ztztzt108的小店","2023-03-27 14:47:43","200.00元"
"3255961716646419452","50.00","0.00","0","50.00","0","50.00","0","交易成功","","快递","2023-03-13 22:05:26","2023-03-13 22:05:37","网页vue/react/h5前端/javascript编程前端网站制做nodejs开发","1","","","","","5","","ztztzt108的小店","2023-03-14 14:23:22","50.00元"
"3249726084946751903","80.00","0.00","0","80.00","0","80.00","0","交易成功","","快递","2023-03-10 19:22:35","2023-03-10 19:22:42","前端网站制做html/jquery/javascript/vue/react/编程代码辅学","1","","","","","8","","ztztzt108的小店","2023-03-10 21:06:21","80.00元"
"3249017786234042634","77.60","0.00","0","77.60","0","77.60","0","交易成功","","快递","2023-03-09 22:06:14","2023-03-09 22:06:16","前端网站制做html/jquery/javascript/vue/react/编程代码辅学","1","","","","","8","","ztztzt108的小店","2023-03-10 10:31:13","77.60元"
"1838953417337230975","794.22","0.00","0","794.22","0","794.22","0","交易成功","","快递","2023-03-06 21:08:38","2023-03-06 21:09:25","网页vue/react/h5前端/javascript编程前端网站制做nodejs开发","1","","","","","80","","ztztzt108的小店","2023-03-12 11:20:01","794.22元"
"3234056042162274412","119.21","0.00","0","119.21","0","119.21","0","交易成功","","快递","2023-03-03 13:48:42","2023-03-03 13:48:51","网页vue/react/h5前端/javascript编程前端网站制做nodejs开发","1","","","","","12","","ztztzt108的小店","2023-03-14 19:10:33","119.21元"
"3219274119424581904","400.00","0.00","0","400.00","0","400.00","0","交易成功","","快递","2023-02-23 19:07:22","2023-02-23 19:07:31","前端网站代做html/jquery/javascript/vue/react/编程代码辅导学","1","","","","","40","","ztztzt108的小店","2023-03-11 20:06:43","400.00元"
"3219014846451581904","400.00","0.00","0","400.00","0","400.00","0","交易关闭","","快递","2023-02-23 19:04:43","","前端网站代做html/jquery/javascript/vue/react/编程代码辅导学","1","","","","","40","","ztztzt108的小店","","0.00元"
"3216524655166898534","118.50","0.00","0","118.50","0","118.50","0","交易成功","","快递","2023-02-22 13:35:22","2023-02-22 13:36:14","前端网站代做html/jquery/javascript/vue/react/编程代码辅导学","1","","","","","12","","ztztzt108的小店","2023-03-04 09:53:40","118.50元"
"3207844478303401161","400.00","0.00","0","400.00","0","400.00","0","交易成功","","快递","2023-02-18 09:46:05","2023-02-18 09:46:19","前端网站代做html/jquery/javascript/vue/react/编程代码辅导学","1","","","","","40","","ztztzt108的小店","2023-02-21 22:42:35","400.00元"
"3207843002611401161","400.00","0.00","0","400.00","0","400.00","0","交易成功","","快递","2023-02-18 09:45:11","2023-02-18 09:45:20","网页vue/react/h5前端/javascript编程前端网站制做nodejs开发","1","","","","","40","","ztztzt108的小店","2023-02-21 22:42:35","400.00元"
"3206528318938501858","198.63","0.00","0","198.63","0","198.63","0","交易成功","","快递","2023-02-17 14:38:33","2023-02-17 14:39:03","网页vue/react/h5前端/javascript编程前端网站代做nodejs开发","1","","","","","20","","ztztzt108的小店","2023-03-02 11:09:25","198.63元"
"3206530550062501858","9.70","0.00","0","9.70","0","9.70","0","交易关闭","","快递","2023-02-17 14:37:57","","网页vue/react/h5前端/javascript编程前端网站代做nodejs开发","1","","","","","1","","ztztzt108的小店","","0.00元"
"3206259001982269110","116.40","0.00","0","116.40","0","116.40","0","交易成功","","快递","2023-02-17 14:27:52","2023-02-17 14:27:56","网页vue/react/h5前端/javascript编程前端网站代做nodejs开发","1","","","","","12","","ztztzt108的小店","2023-02-27 20:46:23","116.40元"
"3203594751095471705","150.00","0.00","0","150.00","0","150.00","0","交易成功","","快递","2023-02-15 20:37:23","2023-02-15 20:37:29","网页vue/react/h5前端/javascript编程前端网站代做nodejs开发","1","","","","","15","","ztztzt108的小店","2023-02-27 11:23:25","150.00元"
"3200713381548268817","533.50","0.00","0","533.50","0","533.50","0","交易成功","","快递","2023-02-14 16:14:22","2023-02-14 16:14:36","网页vue/react/h5前端/javascript编程前端网站代做nodejs开发","1","","","","","55","","ztztzt108的小店","2023-02-26 22:58:58","533.50元"
"3198529551525447339","776.00","0.00","0","776.00","0","776.00","0","交易成功","","快递","2023-02-13 10:14:31","2023-02-13 10:14:35","网页vue/react/h5前端/javascript编程前端网站代做nodejs开发","1","","","","","80","","ztztzt108的小店","2023-02-22 18:32:25","776.00元"
"3194412264585293913","120.00","0.00","0","120.00","0","120.00","0","交易成功","","快递","2023-02-11 19:35:11","2023-02-11 19:36:37","网页vue/react/h5前端/javascript编程前端网站代做nodejs开发","1","","","","","12","","ztztzt108的小店","2023-02-22 14:15:25","120.00元"
"1808550122068957988","150.00","0.00","0","150.00","0","150.00","0","交易成功","","快递","2023-02-03 11:34:25","2023-02-03 11:34:32","网页vue/react/h5前端/javascript编程前端网站代做nodejs开发","1","","","","","15","","ztztzt108的小店","2023-02-05 14:22:36","150.00元"
"3171978540160313851","150.00","0.00","0","150.00","0","150.00","0","交易成功","","快递","2023-01-30 10:20:10","2023-01-30 10:20:22","前端网站代做html/jquery/javascript/vue/react/编程代码辅导学","1","","","","","15","","ztztzt108的小店","2023-02-10 10:05:55","150.00元"
"3167255811730100959","145.50","0.00","0","145.50","0","145.50","0","交易成功","","快递","2023-01-25 18:54:23","2023-01-25 18:54:32","网页vue/react/h5前端/javascript编程前端网站代做nodejs开发","1","","","","","15","","ztztzt108的小店","2023-01-26 12:20:36","145.50元"
"3166352606127147013","118.78","0.00","0","118.78","0","118.78","0","交易成功","","快递","2023-01-25 07:56:51","2023-01-25 07:56:59","网页vue/react/h5前端/javascript编程前端网站代做nodejs开发","1","","","","","12","","ztztzt108的小店","2023-01-26 16:23:42","118.78元"
"3163214199001007704","29.10","0.00","0","29.10","0","29.10","0","交易成功","","快递","2023-01-20 15:47:59","2023-01-20 15:48:02","网页vue/react/h5前端/javascript编程前端网站代做nodejs开发","1","","","","","3","","ztztzt108的小店","2023-01-30 16:04:53","29.10元"
"1799890179439352080","260.00","0.00","0","260.00","0","260.00","0","交易成功","","快递","2023-01-18 08:07:17","2023-01-18 08:07:23","前端网站代做html/jquery/javascript/vue/react/编程代码辅导学","1","","","","","26","","ztztzt108的小店","2023-01-28 14:10:53","260.00元"
"1793868924035420169","97.00","0.00","0","97.00","0","97.00","0","交易成功","","快递","2023-01-10 12:22:00","2023-01-10 12:22:03","网页vue/react/h5前端/javascript编程前端网站代做nodejs开发","1","","","","","10","","ztztzt108的小店","2023-01-10 15:18:05","97.00元"
"1793030484800834891","300.00","0.00","0","300.00","0","300.00","0","交易成功","","快递","2023-01-09 12:49:21","2023-01-09 12:51:29","前端网站代做html/jquery/javascript/vue/react/编程代码辅导学","1","No:9852191249791","邮政快递包裹","","","30","","ztztzt108的小店","2023-01-11 12:12:18","300.00元"
"3145655918773764541","77.60","0.00","0","77.60","0","77.60","0","交易成功","","快递","2023-01-09 11:57:47","2023-01-09 11:58:02","网页vue/react/h5前端/javascript编程前端网站代做nodejs开发","1","","","","","8","","ztztzt108的小店","2023-01-09 17:38:24","77.60元"
"3143176021072641060","100.00","0.00","0","100.00","0","100.00","0","交易成功","","快递","2023-01-08 10:26:46","2023-01-08 10:26:49","网页vue/react/h5前端/javascript编程前端网站代做nodejs开发","1","","","","","10","","ztztzt108的小店","2023-01-18 18:50:53","100.00元"
"3142408106546641060","195.09","0.00","0","195.09","0","195.09","0","交易成功","","快递","2023-01-07 17:53:10","2023-01-07 17:53:21","网页vue/react/h5前端/javascript编程前端网站代做nodejs开发","1","","","","","20","","ztztzt108的小店","2023-01-17 21:32:53","195.09元"
"3137462064736848107","776.00","0.00","0","776.00","0","776.00","0","交易成功","","快递","2023-01-05 17:31:43","2023-01-05 17:31:59","网页vue/react/h5前端/javascript编程前端网站代做nodejs开发","1","","","","","80","","ztztzt108的小店","2023-01-10 20:21:46","776.00元"
"3138528855158048419","9.70","0.00","0","9.70","0","0.00","0","交易关闭","","快递","2023-01-05 15:06:42","2023-01-05 15:06:45","网页vue/react/h5前端/javascript编程前端网站代做nodejs开发","1","","","","","1","","ztztzt108的小店","","0.00元"
